code,desc_en,desc_fr,drug_en,drug_fr,format_en,format_fr,unit,note
DORAACIV2T-,"ACICLOVIR, 200 mg, tab.","ACICLOVIR, 200 mg, comp.",,,,,,OpenMRS drugId 1354 (matched)
DORAACSA3T-,"ACETYLSALICYLIC acid (aspirin), 300 mg, tab.","Acide ACETYLSALICYLIQUE (aspirine), 300 mg, comp.",,,,,,OpenMRS drugId 1422 (matched-approx)
DORAALBE4T-,"ALBENDAZOLE, 400 mg, tab.","ALBENDAZOLE, 400 mg, comp.",,,,,,OpenMRS drugId 1356 (matched)
DORAALUM44TC,"ALUMINIUM hydroxide / MAGNESIUM hydroxide ^   400mg/   400mg,chew.tab.","ALUMINIUM hydroxyde / MAGNESIUM hydroxyde ^   400mg/   400mg,cp.à mâcher",,,,,,OpenMRS drugId 2211 (matched)
DORAAMOC22TD,"AMOXICILLIN / CLAVULANIC acid ^  200mg/  , 28.5mg, disp. tab.","AMOXICILLINE / acide CLAVULANIQUE ^  200mg/   28,5mg, comp. disp.",,,,,,OpenMRS drugId 1386 (matched)
DORAAMOC4S5,"AMOXICILLIN / CLAVULANIC acid ^  400mg /   57mg/5ml, powd.oral susp. 70ml","AMOXICILLINE / acide CLAVULANIQUE ^  400mg/   57mg/5ml,poudre susp.orale 70ml",,,,,,OpenMRS drugId 1388 (matched)
DORAAMOC56T,"AMOXICILLIN / CLAVULANIC acid ^  500mg /  , 62.5 mg, tab.","AMOXICILLINE / acide CLAVULANIQUE ^  500 mg/ ac.  62,5 mg, comp.",,,,,,OpenMRS drugId 2212 (matched)
DORAAMOC81T,"AMOXICILLIN / CLAVULANIC acid ^  875mg /   125mg, tab.","AMOXICILLINE / acide CLAVULANIQUE ^  875mg / ac.  125mg, comp.",,,,,,OpenMRS drugId 2213 (matched)
DORAAMOX1S1,"AMOXICILLIN, 125mg/5ml, powder oral susp., 100 ml, bot.","AMOXICILLINE, 125mg/5ml, poudre susp. orale, 100 ml, fl",,,,,,OpenMRS drugId 1387 (matched)
DORAAMOX2T-,"AMOXICILLIN, 250 mg, tab.","AMOXICILLINE, 250 mg, comp.",,,,,,OpenMRS drugId 1385 (matched)
DORAAMOX2TDB,"AMOXICILLIN, 250 mg, disp. and breakable tab.","AMOXICILLINE, 250 mg, comp. disp et sécable",,,,,,OpenMRS drugId 1384 (matched)
DORAAMOX5T-,"AMOXICILLIN, 500 mg, tab.","AMOXICILLINE, 500 mg, comp.",,,,,,OpenMRS drugId 1390 (matched)
DORAARLU3T1,"AL (ARTEMETHER / LUMEFANTRINE) ^  20/120 mg, blister of 18 tab., 25-34 kg","AL (ARTEMETHER / LUMEFANTRINE) ^  20/120 mg, blister de 18 comp., 25-34 kg",,,,,,OpenMRS drugId 1403 (matched)
DORAASAQ1T1,"AS / AQ (ARTESUNATE / AMODIAQUINE) ^  25 mg /  eq. 67.5 mg base, blister of 3 tab, 4.5-8 kg","AS / AQ (ARTESUNATE / AMODIAQUINE) ^  25 mg /  éq. 67.5 mg base, blister de 3 comp, 4,5-8 kg",,,,,,OpenMRS drugId 1410 (matched)
DORAASAQ2T1,"AS / AQ (ARTESUNATE / AMODIAQUINE) ^  50  mg /  eq. 135 mg base, blister of 3 tab, 9-17 kg","AS / AQ (ARTESUNATE / AMODIAQUINE) ^  50  mg /  éq. 135 mg base, blister de 3 comp., 9-17 kg",,,,,,OpenMRS drugId 2214 (matched)
DORAASAQ3T1,"AS / AQ (ARTESUNATE / AMODIAQUINE) ^  100  mg /  eq. 270 mg base, blister of 3 tab, 18-35 kg","AS / AQ (ARTESUNATE / AMODIAQUINE) ^  100  mg /  éq. 270 mg base, blister de 3 comp., 18-35kg",,,,,,OpenMRS drugId 1405 (matched)
DORAASAQ4T1,"AS / AQ (ARTESUNATE / AMODIAQUINE) ^  100  mg /  eq. 270 mg base, blister of  6 tab., >36 kg","AS / AQ (ARTESUNATE / AMODIAQUINE) ^  100  mg /  éq. 270 mg base, blister de 6 comp., >36 kg",,,,,,OpenMRS drugId 1408 (matched)
DORAASCA2T-,"ASCORBIC acid (vitamin C), 250 mg, tab.","Acide ASCORBIQUE (vitamine C), 250 mg, comp.",,,,,,OpenMRS drugId 1414 (matched)
DORAATOP1T1,"ATOVAQUONE / PROGUANIL HCl ^  62.5mg/   25mg, tab., 11-40kg","ATOVAQUONE / PROGUANIL HCl ^  62,5mg/   25mg, comp, blister,11-40kg",,,,,,OpenMRS drugId 2220 (matched)
DORAATOP2T1,"ATOVAQUONE / PROGUANIL HCl ^  250mg /   100mg, tab., >40 kg","ATOVAQUONE / PROGUANIL HCl ^  250mg /   100mg, comp, blister,>40 kg",,,,,,OpenMRS drugId 2219 (matched)
DORAAZIT2T-,"AZITHROMYCIN, 250 mg, tab.","AZITHROMYCINE, 250 mg, comp.",,,,,,OpenMRS drugId 1441 (matched)
DORAAZIT5T-,"AZITHROMYCIN, 500 mg, tab","AZITHROMYCINE, 500 mg, comp",,,,,,OpenMRS drugId 2217 (matched)
DORABECL1SF,"BECLOMETASONE dipropionate, 0.10mg/puff, 200 puffs,aerosol","BECLOMETASONE dipropionate, 0,10mg/bouffée, 200 b.,aérosol",,,,,,OpenMRS drugId 1446 (matched)
DORABECL2SF,"BECLOMETASONE dipropionate, 0.25mg/puff, 200 puffs,aerosol","BECLOMETASONE dipropionate, 0,25mg/bouffée, 200 b.,aérosol",,,,,,OpenMRS drugId 1447 (matched)
DORABISO1TB4,"BISOPROLOL fumarate, 10 mg, break.tab. in 1/4","BISOPROLOL fumarate, 10 mg, comp. quadrisécable",,,,,,OpenMRS drugId 1461 (matched)
DORABISO2TB,"BISOPROLOL fumarate, 2.5 mg, break. tab.","BISOPROLOL fumarate, 2.5 mg, comp. séc.",,,,,,OpenMRS drugId 1462 (matched)
DORACABG5TB,"CABERGOLINE, 0.5 mg, break. tab.","CABERGOLINE, 0,5 mg, comp. séc.",,,,,,OpenMRS drugId 2222 (matched)
DORACALC5TC,"CALCIUM carbonate, eq. 500 mg Ca, chewable tab.","CALCIUM carbonate, éq. 500mg Ca, comp. à mâcher",,,,,,OpenMRS drugId 1475 (matched)
DORACEFI2S-,"CEFIXIME, 100mg/5ml, powder for oral susp., 60 ml, bot.","CEFIXIME, 100mg/5ml, poudre pour susp. orale, 60 ml, fl.",,,,,,OpenMRS drugId 1488 (matched)
DORACEFI2T-,"CEFIXIME, 200 mg, tab.","CEFIXIME, 200 mg, comp.",,,,,,OpenMRS drugId 2223 (matched)
DORACEFX1S-,"CEFALEXIN, 125mg/5ml, granules oral susp., 100 ml, bot.","CEFALEXINE, 125mg/5ml, granules susp. orale, 100 ml, fl.",,,,,,OpenMRS drugId 1497 (matched-approx)
DORACHLM2T-,"CHLORPROMAZINE hydrochloride, eq. 25mg base, tab.","CHLORPROMAZINE chlorhydrate, éq. 25mg base, comp.",,,,,,OpenMRS drugId 1517 (matched)
DORACIPR1S-,"CIPROFLOXACIN, 250mg/5ml, gran.+ solvent oral susp","CIPROFLOXACINE, 250mg/5ml, gran.+ solvant susp.orale",,,,,,OpenMRS drugId 1532 (matched)
DORACIPR2T-,"CIPROFLOXACIN hydrochloride, eq. 250 mg base, tab.","CIPROFLOXACINE chlorhydrate, éq. 250 mg base, comp.",,,,,,OpenMRS drugId 1531 (matched)
DORACIPR5T-,"CIPROFLOXACIN hydrochloride, eq. 500 mg base, tab.","CIPROFLOXACINE chlorhydrate, éq. 500 mg base, comp.",,,,,,OpenMRS drugId 1533 (matched)
DORACLOX2C-,"CLOXACILLIN sodium, eq. 250 mg base, caps.","CLOXACILLINE sodique, éq. 250 mg base, gél.",,,,,,OpenMRS drugId 1548 (matched)
DORACLOX5C-,"CLOXACILLIN sodium, eq. 500 mg base, caps.","CLOXACILLINE sodique, éq. 500 mg base, gél.",,,,,,OpenMRS drugId 1549 (matched)
DORACOTR4T-,"COTRIMOXAZOLE, 400 mg / 80 mg, tab.","COTRIMOXAZOLE, 400 mg / 80 mg, comp.",,,,,,OpenMRS drugId 2225 (matched)
DORADIAZ5T-,"DIAZEPAM, 5 mg, tab.","DIAZEPAM, 5 mg, comp.",,,,,,OpenMRS drugId 1593 (matched)
DORADOLU5T-,"DOLUTEGRAVIR sodium (DTG), eq. 50 mg base, tab.","DOLUTEGRAVIR sodium (DTG), éq. 50 mg base, comp.",,,,,,OpenMRS drugId 2231 (matched)
DORADOXY1T-,"DOXYCYCLINE salt, eq. 100 mg base, tab.","DOXYCYCLINE sel, éq. 100 mg base, comp.",,,,,,OpenMRS drugId 1634 (matched)
DORAENAL2T-,"ENALAPRIL maleate, 20 mg, tab.","ENALAPRIL maléate, 20 mg, comp.",,,,,,OpenMRS drugId 1648 (matched)
DORAENAL5T-,"ENALAPRIL maleate, 5 mg, tab.","ENALAPRIL maléate, 5 mg, comp.",,,,,,OpenMRS drugId 1649 (matched)
DORAETHL31T,"ETHINYLESTRADIOL / LEVONORGESTREL ^  0.03 mg /  0.15 mg, blister 28tab","ETHINYLESTRADIOL / LEVONORGESTREL ^  0,03mg /  0,15 mg, plaq. 28 comp.",,,,,,OpenMRS drugId 1679 (matched)
DORAFERF14T,"FERROUS salt / FOLIC acid (FEFOL) ^   eq. 60 mg iron /   0.4 mg, tab","sel de FER / acide FOLIQUE (FEFOL) ^    éq. 60 mg fer /   0,4 mg, comp.",,,,,,OpenMRS drugId 1692 (matched)
DORAFLUC1S-,"FLUCONAZOLE, 50mg/5ml, powder oral susp., bot.","FLUCONAZOLE, 50mg/5ml, poudre susp. orale, fl.",,,,,,OpenMRS drugId 2234 (matched)
DORAFLUC2C-,"FLUCONAZOLE, 200 mg, caps.","FLUCONAZOLE, 200 mg, gél.",,,,,,OpenMRS drugId 1694 (matched)
DORAFLUC5C-,"FLUCONAZOLE, 50 mg, caps.","FLUCONAZOLE, 50 mg, gél.",,,,,,OpenMRS drugId 1696 (matched)
DORAFOLA5T-,"FOLIC acid, 5 mg, tab.","Acide FOLIQUE, 5 mg, comp.",,,,,,OpenMRS drugId 1708 (matched)
DORAFURO2T-,"FUROSEMIDE, 20 mg, tab.","FUROSEMIDE, 20 mg, comp.",,,,,,OpenMRS drugId 1712 (matched)
DORAFURO4T-,"FUROSEMIDE, 40 mg, tab.","FUROSEMIDE, 40 mg, comp.",,,,,,OpenMRS drugId 1716 (matched)
DORAGLYT5T-,"GLYCERYL TRINITRATE, 0.5 mg, sublingual tab.","GLYCERYLE TRINITRATE, 0,5 mg, comp. sublingual",,,,,,OpenMRS drugId 2236 (matched)
DORAHALP3D-,"HALOPERIDOL, 2mg/ml/20 drops, 30 ml, bot.","HALOPERIDOL, 2mg/ml/20 gouttes, 30 ml, fl.",,,,,,OpenMRS drugId 1742 (matched)
DORAHALP5T-,"HALOPERIDOL, 5 mg, tab.","HALOPERIDOL, 5 mg, comp.",,,,,,OpenMRS drugId 1744 (matched)
DORAHYOS1T-,"HYOSCINE BUTYLBROMIDE (scopolamine butylbromide), 10 mg, tab","BUTYLBROMURE HYOSCINE (butylbromure scopolamine), 10 mg, cp",,,,,,OpenMRS drugId 2112 (matched)
DORAIBUP2T-,"IBUPROFEN, 200 mg, tab.","IBUPROFENE, 200 mg, comp.",,,,,,OpenMRS drugId 1773 (matched)
DORAIBUP4T-,"IBUPROFEN, 400 mg, tab.","IBUPROFENE, 400 mg, comp.",,,,,,OpenMRS drugId 1775 (matched)
DORAIPRA5N-,"IPRATROPIUM bromide, 0.250mg/ml, 2ml, sol. for nebuliser","IPRATROPIUM bromure, 0,250mg/ml, 2ml, sol. pour nébuliseur",,,,,,OpenMRS drugId 1798 (matched)
DORAISOB5T-,"ISOSORBIDE DINITRATE, 5 mg, sublingual tab.","ISOSORBIDE DINITRATE, 5 mg, comp. sublingual",,,,,,OpenMRS drugId 1809 (matched)
DORAIVER3TS,"IVERMECTIN (scabies + other indic.), 3 mg, tab.","IVERMECTINE (gale + autres indic.), 3 mg, comp.",,,,,,OpenMRS drugId 1810 (matched)
DORALACT1S-,"LACTULOSE,  min. 3.1 g/5ml, oral sol., bot.","LACTULOSE, min. 3,1g/5ml, sol. orale, fl.",,,,,,OpenMRS drugId 1814 (matched-approx)
DORALEVN1T-,"LEVONORGESTREL, 1.5 mg, tab.","LEVONORGESTREL, 1,5 mg, comp.",,,,,,OpenMRS drugId 1834 (matched)
DORALOPE2T-,"LOPERAMIDE hydrochloride, 2 mg, tab.","LOPERAMIDE chlorhydrate, 2 mg, comp.",,,,,,OpenMRS drugId 1855 (matched)
DORALORA1T-,"LORATADINE, 10mg, tab.","LORATADINE, 10mg, comp.",,,,,,OpenMRS drugId 1861 (matched)
DORAMAGN3T-,"MAGNESIUM oxide, eq. to 300mg Mg, tab.","Oxyde de MAGNESIUM, éq. à 300mg Mg, comp.",,,,,,OpenMRS drugId 2240 (matched)
DORAMEFL2T-,"MEFLOQUINE hydrochloride, eq. 250 mg base, tab.","MEFLOQUINE chlorhydrate, éq. 250 mg base, comp.",,,,,,OpenMRS drugId 1872 (matched)
DORAMETF5T-,"METFORMIN hydrochloride, 500 mg, tab.","METFORMINE chlorhydrate, 500 mg, comp.",,,,,,OpenMRS drugId 1881 (matched)
DORAMETN2S-,"METRONIDAZOLE benzoate, eq.200mg/5ml base, oral susp., 100ml","METRONIDAZOLE benzoate, éq.200mg/5ml base, susp. orale,100ml",,,,,,OpenMRS drugId 1898 (matched-approx)
DORAMETN2T-,"METRONIDAZOLE, 250 mg, tab.","METRONIDAZOLE, 250 mg, comp.",,,,,,OpenMRS drugId 1899 (matched)
DORAMETN5T-,"METRONIDAZOLE, 500 mg, tab.","METRONIDAZOLE, 500 mg, comp.",,,,,,OpenMRS drugId 1901 (matched)
DORAMETO1T-,"METOCLOPRAMIDE hydrochloride anhydrous, 10 mg, tab.","METOCLOPRAMIDE chlorhydrate anhydre, 10 mg, comp.",,,,,,OpenMRS drugId 1893 (matched)
DORAMETY2T-,"METHYLDOPA, 250 mg, tab.","METHYLDOPA, 250 mg, comp.",,,,,,OpenMRS drugId 2241 (matched)
DORAMICO2J4,"MICONAZOLE, 2%, oral gel, 40g, tube","MICONAZOLE, 2%, gel oral, 40g, tube",,,,,,OpenMRS drugId 1904 (matched)
DORAMIFP2T-,"MIFEPRISTONE, 200 mg, tab.","MIFEPRISTONE, 200 mg, comp.",,,,,,OpenMRS drugId 2243 (matched)
DORAMISP2T-,"MISOPROSTOL, 200 µg, tab.","MISOPROSTOL, 200 µg, comp.",,,,,,OpenMRS drugId 1913 (matched)
DORAMORP1S-,"MORPHINE sulfate, 10mg/5ml, oral sol., 100 ml, bot.","MORPHINE sulfate, 10mg/5ml, sol. orale, 100 ml, fl.",,,,,,OpenMRS drugId 1915 (matched)
DORAMORP1T-,"MORPHINE sulfate, 10 mg, immediate release breakable tab.","MORPHINE sulfate, 10 mg, comp. sécable libération immédiate",,,,,,OpenMRS drugId 1918 (matched)
DORAMORP1TS,"MORPHINE sulfate, 10 mg, prolonged-release tab.","MORPHINE sulfate, 10 mg, comp. libération prolongée",,,,,,OpenMRS drugId 1917 (matched)
DORANEVI1S1,"NEVIRAPINE (NVP), 50mg/5ml, oral susp., 100 ml, bot.","NEVIRAPINE (NVP), 50mg/5ml, susp. orale, 100 ml, fl.",,,,,,OpenMRS drugId 1940 (matched)
DORANIFE1TI,"NIFEDIPINE, 10 mg, immediate release tab.","NIFEDIPINE, 10 mg, comp. lib. immédiate",,,,,,OpenMRS drugId 1946 (matched)
DORANYST1S-,"NYSTATIN, 100,000 IU/ml, oral susp.","NYSTATINE, 100.000 UI/ml, susp. orale",,,,,,OpenMRS drugId 1958 (matched)
DORAOMEP2CG,"OMEPRAZOLE, 20 mg, gastro-resistant caps.","OMEPRAZOLE, 20 mg, gél. gastrorésistante",,,,,,OpenMRS drugId 1964 (matched)
DORAONDA4T-,"ONDANSETRON hydrochloride, eq. 4 mg base, tab.","ONDANSETRON chlorhydrate, éq. 4 mg base, comp.",,,,,,OpenMRS drugId 1976 (matched)
DORAONDA8T-,"ONDANSETRON hydrochloride, eq. 8 mg base, tab.","ONDANSETRON chlorhydrate, éq. 8 mg base, comp",,,,,,OpenMRS drugId 1977 (matched)
DORAORMA2S8,"RESOMAL, rehydration acute complic. malnut., sach. 84g/2l","RESOMAL, réhydratation malnut. aiguë compliq, sach. 84g/2l",,,,,,OpenMRS drugId 2263 (matched)
DORAORSA2S-,"ORAL REHYDRATION SALTS (ORS) low osmol., sachet 20.5 g/1l","SELS REHYDRATATION ORALE (SRO) basse osmol., sachet 20,5 g/1l",,,,,ML,OpenMRS drugId 2246 (matched)
DORAPARA1S2,"PARACETAMOL (acetaminophen), 120mg/5ml,oral susp.,100ml bot.","PARACETAMOL (acétaminophène), 120mg/5ml,susp.orale,100ml fl.",,,,,,OpenMRS drugId 2252 (matched)
DORAPARA1T-,"PARACETAMOL (acetaminophen), 100 mg, tab.","PARACETAMOL (acétaminophène), 100 mg, comp.",,,,,,OpenMRS drugId 2249 (matched)
DORAPARA5T-,"PARACETAMOL (acetaminophen), 500 mg, tab.","PARACETAMOL (acétaminophène), 500 mg, comp.",,,,,,OpenMRS drugId 2253 (matched)
DORAPOTC6TP,"POTASSIUM chloride, 600mg (8mEq), prolonged-release tab.","POTASSIUM chlorure, 600mg (8mEq), comp. libération prolongée",,,,,,OpenMRS drugId 2034 (matched)
DORAPRAZ6TB,"PRAZIQUANTEL, 600 mg, break. tab.","PRAZIQUANTEL, 600 mg, comp. séc.",,,,,,OpenMRS drugId 2042 (matched)
DORAPRED5T-,"PREDNISOLONE, 5 mg, tab.","PREDNISOLONE, 5 mg, comp.",,,,,,OpenMRS drugId 2044 (matched)
DORAPROM2T-,"PROMETHAZINE hydrochloride, eq. 25 mg base, tab.","PROMETHAZINE chlorhydrate, éq. 25 mg base, comp.",,,,,,OpenMRS drugId 2258 (matched)
DORARETI2C-,"RETINOL (vitamin A) stabil., 200,000 IU, soft gelat. caps.","RETINOL (vitamine A) stabilisé, 200.000 UI, caps. molle",,,,,,OpenMRS drugId 2264 (matched)
DORASALB1N-,"SALBUTAMOL, solution for nebulizer, 2 mg/ml, 2.5ml monodose","SALBUTAMOL, solution pour nébuliseur, 2 mg/ml, 2,5ml unidose",,,,,,OpenMRS drugId 2266 (matched)
DORASALB2SF,"SALBUTAMOL sulfate, eq.0.1mg base/puff, 200 puffs, aerosol","SALBUTAMOL sulfate, éq.0,1mg base/bouffée, 200 bouff.aérosol",,,,,,OpenMRS drugId 2265 (matched)
DORATELA1T-,"TDF / 3TC ^  300 mg /  300 mg, tab.","TDF / 3TC ^  300 mg /  300 mg, comp.",,,,,,OpenMRS drugId 2153 (matched)
DORATELD1T-,"TDF / 3TC / DTG ^  300mg /  300mg /  50mg, tab.","TDF / 3TC / DTG ^  300mg /  300mg /  50mg, comp.",,,,,,OpenMRS drugId 2272 (matched)
DORATHIA5T-,"THIAMINE hydrochloride (vitamin B1), 50 mg, tab.","THIAMINE chlorhydrate (vitamine B1), 50 mg, comp.",,,,,,OpenMRS drugId 2161 (matched)
DORATINI5T-,"TINIDAZOLE, 500 mg, tab.","TINIDAZOLE, 500 mg, comp.",,,,,,OpenMRS drugId 2276 (matched)
DORATRAM1S-,"TRAMADOL hydrochloride, 100mg/ml/40 drops, 10 ml, bot.","TRAMADOL chlorhydrate, 100mg/ml/40 gouttes, 10 ml, fl.",,,,,,OpenMRS drugId 2277 (matched)
DORATRAM5C-,"TRAMADOL hydrochloride, 50 mg, caps.","TRAMADOL chlorhydrate, 50 mg, gél.",,,,,,OpenMRS drugId 2278 (matched)
DORAYINS2T-,"ZINC sulfate, eq. to 20 mg zinc mineral, dispersible tab.","ZINC sulfate, éq. à 20 mg de zinc minéral, comp. dispers.",,,,,,OpenMRS drugId 2210 (matched)
DEXODEXN5D5,"DEXAMETHASONE / NEOMYCIN ^  5 mg /  17500 IU, eye drops, 5ml, bot","DEXAMETHASONE / NEOMYCINE ^  5 mg /  17500 UI, collyre, 5ml, fl.",,,,,,OpenMRS drugId 2226 (matched)
DEXOSODC9D5,"SODIUM CHLORIDE 0.9%, eye  drops, sterile, 5ml","SERUM PHYSIOLOGIQUE, chlorure de sodium 0,9 %, stérile, 5ml",,,,,,OpenMRS drugId 2270 (matched)
DEXOTETR1O5,"TETRACYCLINE hydrochloride, 1%, eye ointment, ster, 5g, tube","TETRACYCLINE chlorhydrate, 1%, pommade opht., stér, 5g, tube",,,,,null,OpenMRS drugId 2247 (missing-from-mml)
DEXTBENS6O4,"BENZOIC ACID / SALICYLIC ACID ^   6% /   3%, ointment, 40 g, tube","ACIDE BENZOIQUE / ACIDE SALICYLIQUE ^   6% /   3%, pom., 40 g, tube",,,,,,OpenMRS drugId 2224 (matched)
DEXTBENZ2L1,"BENZYL BENZOATE, 25%, lotion, 1 l, bot.","BENZOATE DE BENZYLE, 25%, lotion, 1 l, fl.",,,,,,OpenMRS drugId 1453 (matched)
DEXTCHLH2S-,"CHLORHEXIDINE digluconate 0.2%, mouthwash, sol., 300ml, bot.","CHLORHEXIDINE digluconate 0,2%, bain de bouche,sol.,300ml,fl",,,,,,OpenMRS drugId 1506 (matched)
DEXTHYDR1O1,"HYDROCORTISONE (acetate or base), 1%, ointment, 15-20g, tube","HYDROCORTISONE (acétate ou base), 1%, pommade, 15-20g, tube",,,,,,OpenMRS drugId 1763 (corrected 2026-09-24: was mis-matched to DEXTCHLH7G2 chlorhexidine gel)
DEXTCLOT5T-,"CLOTRIMAZOLE, 500 mg, vaginal tab. + applicator","CLOTRIMAZOLE, 500 mg, comp. vaginal + applicateur",,,,,,OpenMRS drugId 1546 (matched)
DEXTLIDO2J3,"LIDOCAINE, 2%, jelly, sterile, 30g, tube","LIDOCAINE, 2%, gel, stérile, 30g, tube",,,,,,OpenMRS drugId 1846 (corrected 2026-09-24: was mis-matched to DEXTFUSI2C3 fusidic acid cream)
DEXTMICO2C3,"MICONAZOLE nitrate, 2%, cream, 30 g, tube","MICONAZOLE nitrate, 2%, crème, 30 g, tube",,,,,,OpenMRS drugId 1903 (matched)
DEXTSULZ1C5,"SULFADIAZINE SILVER, 1%, cream, sterile, 50 g, tube","SULFADIAZINE ARGENTIQUE, 1%, crème, stérile, 50 g, tube",,,,,,OpenMRS drugId 2271 (matched)
DEXTYINO1O1,"ZINC OXIDE, 10%, ointment, 100 g, tube","OXYDE DE ZINC, 10%, pommade, 100 g, tube",,,,,,OpenMRS drugId 2282 (matched)
DINFDERI5FBF5,"DEXTROSE (GLUCOSE) / RINGER LACTATE ^ GLUCOSE 5% + RL , 500ml, flex. bag, PVC free","GLUCOSE / RINGER LACTATE ^ GLUCOSE 5% + RL, 500 ml, poche souple, sans PVC",,,,,,OpenMRS drugId 2230 (matched)
DINFDEXT1FBF5,"DEXTROSE (GLUCOSE), 10%, 500 ml, flex. bag, PVC free","GLUCOSE, 10%, 500 ml, poche souple, sans PVC",,,,,,OpenMRS drugId 2227 (matched)
DINFDEXT5FBF1,"DEXTROSE (GLUCOSE), 5%, 1 l, flex. bag, PVC free","GLUCOSE, 5%, 1 l, poche souple, sans PVC",,,,,,OpenMRS drugId 2228 (matched)
DINFDEXT5FBF5,"DEXTROSE (GLUCOSE), 5%, 500 ml, flex. bag, PVC free","GLUCOSE, 5%, 500 ml, poche souple, sans PVC",,,,,,OpenMRS drugId 2229 (matched)
DINFSODC9FBF0,"SODIUM chloride (NaCl), 0.9%, 100 ml, flex. bag, PVC free","SODIUM chlorure (NaCl), 0,9%, 100 ml, poche souple, sans PVC",,,,,,OpenMRS drugId 2123 (matched)
DINFSODC9FBF1,"SODIUM chloride (NaCl), 0.9%, 1 l, flex. bag, PVC free","SODIUM chlorure (NaCl), 0,9%, 1 l, poche souple, sans PVC",,,,,,OpenMRS drugId 2267 (matched)
DINFSODC9SRF5,"SODIUM chloride (NaCl), 0.9%, 500 ml, semi-rigid bot., PVC free","SODIUM chlorure (NaCl), 0,9%, 500 ml, fl. semi-rigide, sans PVC",,,,,,OpenMRS drugId 2268 (matched)
DINJATRO1A-,"ATROPINE sulfate, 1 mg/ml, 1 ml, amp.","ATROPINE sulfate, 1 mg/ml, 1 ml, amp.",,,,,,OpenMRS drugId 1435 (matched)
DINJCAFC1A-,"CAFFEINE CITRATE, 10mg/ml, eq. 5 mg caffeine base, 1ml, amp.","CAFEINE CITRATE, 10 mg/ml, éq. 5 mg caféine base, 1ml, amp.",CAFFEINE CITRATE,CITRATE DE CAFEINE,"10mg/ml, eq. 5 mg caffeine base, 1ml, amp.","10 mg/ml, éq. 5 mg caféine base, 1ml, amp.",,"OpenMRS drugId 1472 (matched); drug/format split stated outright: split_med is greedy and cuts ""10mg/ml"" in half"
DINJCALG1A-,"CALCIUM GLUCONATE, 100 mg/ml, 10 ml, amp.","CALCIUM GLUCONATE, 100 mg/ml, 10 ml, amp.",,,,,,OpenMRS drugId 1476 (matched)
DINJCEFT1V-,"CEFTRIAXONE sodium, eq. 1 g base,  powder, vial","CEFTRIAXONE sodique, éq. 1 g base,  poudre, fl.",,,,,,OpenMRS drugId 1492 (matched)
DINJCIPR2FBF,"CIPROFLOXACIN salt, eq. 2mg/ml base,100ml,flex.bag PVC free","sel de CIPROFLOXACINE, éq.2mg/ml base,100ml,poche sple ssPVC",,,,,,OpenMRS drugId 1530 (matched)
DINJCLOX5VV,"CLOXACILLIN sodium, eq. 500 mg base,  powder, vial IV","CLOXACILLINE sodique, éq. 500 mg base, poudre, fl. IV",,,,,,OpenMRS drugId 1550 (matched)
DINJDEXA4A-,"DEXAMETHASONE phosphate, 4 mg/ml, 1 ml, amp.","DEXAMETHASONE phosphate, 4 mg/ml, 1 ml, amp.",,,,,,OpenMRS drugId 1584 (matched)
DINJDIAZ1A-,"DIAZEPAM, 5 mg/ml, 2 ml, amp.","DIAZEPAM, 5 mg/ml, 2 ml, amp.",,,,,,OpenMRS drugId 1596 (matched)
DINJDOPA2A-,"DOPAMINE hydrochloride, 40 mg/ml, 5 ml, amp.","DOPAMINE chlorhydrate, 40 mg/ml, 5 ml, amp.",,,,,,OpenMRS drugId 1626 (matched)
DINJEPIN1AM,"EPINEPHRINE (adrenaline) tartrate, eq.1mg/ml base,1ml amp IM","EPINEPHRINE (adrenaline) tartrate,éq.1mg/ml base, 1ml amp IM",,,,,,OpenMRS drugId 1657 (matched)
DINJEPIN1AV,"EPINEPHRINE (adrenaline) tartrate,eq.1 mg/ml base,1ml amp IV","EPINEPHRINE (adrenaline) tartrate,éq.1mg/ml base, 1ml amp IV",,,,,,OpenMRS drugId 1656 (matched)
DINJFLUC2FBF,"FLUCONAZOLE, 2 mg/ml, 100 ml, flexible bag PVC free","FLUCONAZOLE, 2 mg/ml, 100 ml, poche souple sans PVC",,,,,,OpenMRS drugId 1695 (matched)
DINJFLUM1A-,"FLUMAZENIL, 0.1mg/ml, 10 ml, amp.","FLUMAZENIL, 0,1mg/1 ml, 10 ml, amp.",,,,,,OpenMRS drugId 2235 (matched)
DINJFURO2A-,"FUROSEMIDE, 10 mg/ml, 2 ml, amp.","FUROSEMIDE, 10 mg/ml, 2 ml, amp.",,,,,,OpenMRS drugId 1713 (matched)
DINJGENT8A-,"GENTAMICIN sulfate, eq. 40 mg/ml base, 2 ml, amp.","GENTAMICINE sulfate, eq. 40 mg/ml base, 2 ml, amp.",,,,,,OpenMRS drugId 1719 (matched)
DINJGLUC1A1,"GLUCOSE hypertonic, 10%, 10 ml, amp","GLUCOSE hypertonique, 10%, 10 ml, amp",,,,,,OpenMRS drugId 1722 (matched)
DINJGLUC5V5,"GLUCOSE hypertonic, 50%, 50 ml, vial","GLUCOSE hypertonique, 50%, 50 ml, fl.",,,,,,OpenMRS drugId 1723 (matched)
DINJHALP5A-,"HALOPERIDOL, 5 mg/ml, 1 ml, amp.","HALOPERIDOL, 5 mg/ml, 1 ml, amp.",,,,,,OpenMRS drugId 1745 (matched)
DINJHYDR1V-,"HYDROCORTISONE sodium succinate, eq.100mg base, powder, vial","HYDROCORTISONE succinate sodique, eq.100mg base, poudre,fl",,,,,,OpenMRS drugId 1760 (matched)
DINJHYOS2A-,"HYOSCINE BUTYLBROMIDE (scopolamine butylbrom), 20 mg/1ml,amp","BUTYLBROMURE HYOSCINE (butylbrom.scopolamine), 20 mg/1ml,amp",,,,,,OpenMRS drugId 2111 (matched)
DINJINSHB1VN,"INSULIN HUMAN, BIPHASIC 30-70 IU/ml, 10ml, vial N","INSULINE HUMAINE, BIPHASIQUE 30-70 UI/ml, 10ml, fl. N",,,,,,OpenMRS drugId 1786 (matched)
DINJINSHI1VN,"INSULIN HUMAN, ISOPHANE (NPH) 100 UI/ml, 10 ml, vial N","INSULINE HUMAINE, ISOPHANE (NPH) 100 UI/ml, 10 ml, fl. N",,,,,,OpenMRS drugId 1787 (matched)
DINJINSHR1VN,"INSULIN HUMAN, RAPID 100 IU/ml, 10 ml, vial N","INSULINE HUMAINE, RAPIDE 100 UI/ml, 10 ml, fl. N",,,,,,OpenMRS drugId 1788 (matched)
DINJKETA2A-,"KETAMINE hydrochloride, eq. 50 mg/ml base, 5 ml, amp.","KETAMINE chlorhydrate, éq. 50 mg/ml base, 5 ml, amp.",,,,,,OpenMRS drugId 1813 (matched)
DINJLABE1A-,"LABETALOL hydrochloride, 5 mg/ml, 20 ml amp.","LABETALOL chlorhydrate, 5 mg/ml, 20 ml amp.",,,,,,OpenMRS drugId 2237 (matched)
DINJLEVE5V-,"LEVETIRACETAM, 100mg/ml, 5ml, vial","LEVETIRACETAM, 100mg/ml, 5ml, fl.",,,,,,OpenMRS drugId 2238 (matched)
DINJLEVN15I,LEVONORGESTREL implant 2 x 75 mg (Jadelle) + trocar,LEVONORGESTREL implant 2 x 75mg (Jadelle) + trocart,,,,,,OpenMRS drugId 1835 (matched)
DINJLIDO1A1,"LIDOCAINE hydrochloride, 1%, preservative-free, 10 ml, amp","LIDOCAINE chlorhydrate, 1%, sans conservateur, 10 ml, amp",,,,,,OpenMRS drugId 1841 (matched)
DINJMAGS5A-,"MAGNESIUM sulfate, 0.5 g/ml, 10 ml, amp.","MAGNESIUM sulfate, 0,5 g/ml, 10 ml, amp.",,,,,,OpenMRS drugId 1864 (matched)
DINJMEDR1V-,"MEDROXYPROGESTERONE acetate, 150 mg, 1 ml, vial","MEDROXYPROGESTERONE acétate, 150 mg, 1 ml, fl.",,,,,,OpenMRS drugId 1870 (matched)
DINJMERG2A-,"METHYLERGOMETRINE maleate, 0.2 mg/ml, 1 ml, amp.","METHYLERGOMETRINE maleate, 0,2 mg/ml, 1 ml, amp.",,,,,,OpenMRS drugId 2242 (matched)
DINJMETN5FBF,"METRONIDAZOLE, 5 mg/ml, 100 ml, flex. bag PVC free","METRONIDAZOLE, 5 mg/ml, 100 ml, poche souple sans PVC",,,,,,OpenMRS drugId 1900 (matched)
DINJMETO1A-,"METOCLOPRAMIDE hydrochloride, 5 mg/ml, 2 ml, amp.","METOCLOPRAMIDE chlorhydrate, 5 mg/ml, 2 ml, amp",,,,,,OpenMRS drugId 1894 (matched)
DINJMIDA5A-,"MIDAZOLAM, 1 mg / ml, 5 ml, amp","MIDAZOLAM, 1 mg / ml, 5 ml, amp",,,,,,OpenMRS drugId 1905 (matched)
DINJMORP1A-,"MORPHINE hydrochloride, 10 mg/ml, 1 ml, amp.","MORPHINE chlorhydrate, 10 mg/ml, 1 ml, amp.",,,,,,OpenMRS drugId 1914 (matched)
DINJNALO4A-,"NALOXONE hydrochloride, 0.4 mg/ml, 1 ml, amp.","NALOXONE chlorhydrate, 0,4 mg/ml, 1 ml, amp.",,,,,,OpenMRS drugId 1937 (matched)
DINJNEPI4AV,"NOREPINEPHRINE (noradrenaline) tartrate,eq.1mg/ml base,4ml","NOREPINEPHRINE (noradrénaline) tartrate,éq.1mg/ml base,4ml",,,,,,OpenMRS drugId 2245 (matched)
DINJNICA1A-,"NICARDIPINE hydrochloride, 1mg / ml, 10 ml, amp.","NICARDIPINE chlorhydrate, 1mg / ml, 10 ml, amp.",,,,,,OpenMRS drugId 2244 (matched)
DINJOMEP4V-,"OMEPRAZOLE sodium, eq. 40 mg base, powder, vial, fr infusion","OMEPRAZOLE sodique, éq.40 mg base, poudre, fl. pr perfusion",,,,,,OpenMRS drugId 1972 (matched)
DINJONDA4A-,"ONDANSETRON hydrochloride, eq. 2mg/ml base, 2 ml, amp.","ONDANSETRON chlorhydrate, éq. 2mg/ml base, 2 ml, amp.",,,,,,OpenMRS drugId 1974 (matched)
DINJOXYT1A-,"OXYTOCIN, 10 IU/ml, 1 ml, amp.","OXYTOCINE, 10 UI/ml, 1 ml, amp.",,,,,,OpenMRS drugId 2248 (matched)
DINJPARA1B-,"PARACETAMOL (acetaminophen), 10 mg/ml, 100 ml, bot.","PARACETAMOL (acétaminophène), 10 mg/ml, 100 ml, fl.",,,,,,OpenMRS drugId 2250 (matched)
DINJPARA1FBF,"PARACETAMOL (acetaminophen),10mg/ml,100ml, flex.bag PVC free","PARACETAMOL (acétaminophène),10mg/ml,100ml, poche s. ss PVC",,,,,,OpenMRS drugId 2255 (matched)
DINJPARA5B-,"PARACETAMOL (acetaminophen),10 mg/ml, 50 ml, bot.","PARACETAMOL (acétaminophène),10 mg/ml, 50 ml, fl.",,,,,,OpenMRS drugId 2251 (matched)
DINJPARA5FBF,"PARACETAMOL (acetaminophen),10mg/ml, 50ml, flex.bag PVC free","PARACETAMOL (acétaminophène),10mg/ml, 50ml, poche s. ss PVC",,,,,,OpenMRS drugId 2254 (matched)
DINJPHEN2A1,"PHENOBARBITAL sodium, 200 mg/ml, 1 ml, amp.","PHENOBARBITAL sodique, 200 mg/ml, 1 ml, amp.",,,,,,OpenMRS drugId 2012 (matched)
DINJPHEY2A-,"PHENYTOIN sodium, 50 mg/ml, 5ml, amp.","PHENYTOINE sodique, 50 mg/ml, 5ml, amp.",,,,,,OpenMRS drugId 2025 (matched)
DINJPHYT1A1,"PHYTOMENADIONE (vitamin K1), 10 mg/ml, 1 ml, amp.","PHYTOMENADIONE (vitamine K1), 10 mg/ml, 1 ml, amp.",,,,,,OpenMRS drugId 2257 (corrected 2026-09-24: was DORAPHYT1A1 under oral, PO only; provisional code)
DINJPHYT2AN,"PHYTOMENADIONE (vitamin K1), 10mg/ml (2mg/0.2ml), 0.2ml amp.","PHYTOMENADIONE (vitamine K1), 10mg/ml (2mg/0,2ml),0.2ml amp.",,,,,,OpenMRS drugId 2256 (matched)
DINJPROM5A-,"PROMETHAZINE hydrochloride, eq. 25 mg/ml base, 2 ml, amp.","PROMETHAZINE chlorhydrate, éq. 25 mg/ml base, 2 ml, amp.",,,,,,OpenMRS drugId 2259 (matched)
DINJSODB8A1,"SODIUM BICARBONATE, 8.4%, 1 mEq/ml, 10 ml, amp.","SODIUM BICARBONATE, 8,4%, 1 mEq/ml, 10 ml, amp.",,,,,,OpenMRS drugId 2122 (matched)
DINJSODB8A2,"SODIUM BICARBONATE, 8.4%, 1 mEq/ml, 20 ml, amp.","SODIUM BICARBONATE, 8,4%, 1 mEq/ml, 20 ml, amp.",,,,,,OpenMRS drugId 2121 (matched)
DINJSODC9A5,"SODIUM chloride, 0.9%, 5 ml, plastic amp.","SODIUM chlorure, 0,9%, 5 ml, amp.",,,,,,OpenMRS drugId 2269 (matched)
DINJTHIA1A-,"THIAMINE (vitamin B1), 50 mg/ml, 2 ml, amp.","THIAMINE (vitamine B1), 50 mg/ml, 2 ml, amp.",,,,,,OpenMRS drugId 2275 (matched)
DINJTRAM1A-,"TRAMADOL hydrochloride, 50 mg/ml, 2 ml, amp.","TRAMADOL chlorhydrate, 50 mg/ml, 2 ml, amp.",,,,,,OpenMRS drugId 2279 (matched)
DINJTRAN5A-,"TRANEXAMIC ACID, 100 mg/ml, 5 ml amp.","ACIDE TRANEXAMIQUE, 100 mg / ml, 5 ml amp.",,,,,,OpenMRS drugId 2165 (matched)
DINJVALP4A-,"VALPROATE SODIUM , 100mg/ml, 4ml amp.","VALPROATE DE SODIUM, 100mg/ml, 4ml amp.",,,,,,OpenMRS drugId 2280 (matched)
NFOSRUSFPEP10,"READY TO USE SUPPLEMENTARY FOOD, peanut paste, 100g","ALIMENT SUPPL. PRET A L'EMPLOI, pâte d'arachide, 100g",,,,,SACHET,OpenMRS drugId 2260 (matched)
NFOSRUTFCEB51,"READY-TO-USE THERAPEUTIC FOOD (RUTF) ^ (BP100), cereal biscuit, 510 g (= 9 bars)","ALIMENT THERAPEUTIQUE PRET A L'EMPLOI (ATPE) ^ (BP100), biscuit céréales, 510 g (= 9 barres)",,,,,SACHET,OpenMRS drugId 2262 (corrected 2026-09-24: drug was named "RUTF")
NFOSRUTFPEP92,"READY-TO-USE THERAPEUTIC FOOD (RUTF) ^ peanut paste, 92 g","ALIMENT THERAPEUTIQUE PRET A L'EMPLOI (ATPE) ^ pâte d'arachide, 92 g",,,,,SACHET,OpenMRS drugId 2261 (corrected 2026-09-24: drug was named "RUTF")
NFOSTHMIF1O40,"THERAPEUTIC MILK, F100, powder, 400g","LAIT THERAPEUTIQUE, F100, poudre, 400g",,,,,SACHET,OpenMRS drugId 2273 (matched)
NFOSTHMIF7O40,"THERAPEUTIC MILK, F75, powder, 400g","LAIT THERAPEUTIQUE, F75, poudre, 400g",,,,,SACHET,OpenMRS drugId 2274 (matched)
SMSUCOND1--,"CONDOM, lubricated + RESERVOIR, s.u.","PRESERVATIF MASCULIN, lubrifié + RESERVOIR, u.u.",CONDOM,PRESERVATIF,,,UNSPECIFIED,OpenMRS drugId 1559 (matched)
SMSUCONDF1-,"FEMALE CONDOM, lubricated, 170 mm, s.u.","PRESERVATIF FEMININ, lubrifié, 170 mm, u.u.",CONDOM,PRESERVATIF,,,UNSPECIFIED,OpenMRS drugId 2233 (matched)
SMSUVASE1O-,"VASELINE, ointment, 100 g, tube","VASELINE, pommade, 100 g, tube",,,,,G,OpenMRS drugId 2281 (matched)
DORAASPY2G-,"AS / PYRONARIDINE (ARTESUNATE / PYRONARIDINE) ^ 20mg / 60mg, granules, sachet","AS / PYRONARIDINE (ARTESUNATE / PYRONARIDINE) ^ 20mg / 60mg, granulés, sachet",,,,,SACHET,OpenMRS drugId 2215 (corrected 2026-09-24: drug was named "AS"; missing-from-mml, provisional code)
DORAASPY6T-,"AS / PYRONARIDINE (ARTESUNATE / PYRONARIDINE) ^ 60mg / 180mg, tab.","AS / PYRONARIDINE (ARTESUNATE / PYRONARIDINE) ^ 60mg / 180mg, comp.",,,,,,OpenMRS drugId 2216 (corrected 2026-09-24: drug was named "AS"; missing-from-mml, provisional code)
DORADARR4T-,"DRV eq. 400mg base / r 50mg, tab.","DRV éq. 400mg base / r 50mg, comp.",,,,,,OpenMRS drugId 2232 (missing-from-mml)
DORALEVE2T-,"LEVETIRACETAM, 250mg, tab.","LEVETIRACETAM, 250mg, comp.",,,,,,OpenMRS drugId 2239 (missing-from-mml)
DEXOOTET5O5,"OXYTETRACYCLINE hydrochloride, 0.5%, eye ointment, ster., 4-5g, tube","OXYTETRACYCLINE chlorhydrate, 0,5%, pde opht., stér., 4-5g, tube",,,,,,OpenMRS drugId 2247 (missing-from-mml)
DORAAZIT3S1,"AZITHROMYCIN, 200mg/5ml, powder oral susp., 15ml, bot.","AZITHROMYCINE, 200mg/5ml, poudre susp. orale, 15ml, fl.",,,,,,OpenMRS drugId 2218 (missing-from-mml)
DINJPOTC2A-,"POTASSIUM chloride, 2mmol/ml (15%), 10ml, amp.","POTASSIUM chlorure, 2mmol/ml (15%), 10ml, amp.",,,,,,OpenMRS drugId 2035 (missing-from-mml)
DORAPOTC1S-,"POTASSIUM chloride, 100mg/ml (1.33mEq/ml), oral sol., 500ml, bot.","POTASSIUM chlorure, 100mg/ml (1,33mEq/ml), sol. orale, 500ml, fl.",,,,,,OpenMRS drugId 2036 (missing-from-mml)
