OpenMRS drug_id,origin,OpenMRS drug name,status,MML code,MML description,match score,note
1354,renamed,"ACICLOVIR, 200mg, tab.",MATCHED,DORAACIV2T-,"ACICLOVIR, 200 mg, tab.",0.84,
1356,renamed,"ALBENDAZOLE, 400mg, tab.",MATCHED,DORAALBE4T-,"ALBENDAZOLE, 400 mg, tab.",0.841,
1384,renamed,"AMOXICILLIN, 250mg, disp. and break. tab.",MATCHED,DORAAMOX2TDB,"AMOXICILLIN, 250 mg, disp. and breakable tab.",0.835,
1385,renamed,"AMOXICILLINE, 250mg, tab.",MATCHED,DORAAMOX2T-,"AMOXICILLIN, 250 mg, tab.",0.773,
1386,renamed,"AMOXICILLIN 200mg/ CLAVULANIC acid, 28.5mg, disp. tab.",MATCHED,DORAAMOC22TD,"AMOXICILLIN 200mg/ CLAVULANIC acid, 28.5mg, disp. tab.",1.0,
1387,renamed,"AMOXICILLIN, 125mg/5ml, powder oral susp., 100ml, bot.",MATCHED,DORAAMOX1S1,"AMOXICILLIN, 125mg/5ml, powder oral susp., 100 ml, bot.",0.921,
1388,renamed,"AMOXICILLIN 400mg / CLAV.ac. 57mg/5ml, powd.oral susp. 70ml",MATCHED,DORAAMOC4S5,"AMOXICILLIN 400mg / CLAV.ac. 57mg/5ml, powd.oral susp. 70ml",1.0,
1389,renamed,"AMOXICILLIN, 500mg, tab.",MATCHED,DORAAMOX5T-,"AMOXICILLIN, 500 mg, tab.",0.841,
1390,renamed,"AMOXICILLIN, 500mg, tab.",MATCHED,DORAAMOX5T-,"AMOXICILLIN, 500 mg, tab.",0.841,
1403,renamed,"AL 20/120mg, blister of 18 tab., 25-34 kg",MATCHED,DORAARLU3T1,"AL 20/120 mg, blister of 18 tab., 25-34 kg",0.932,
1405,renamed,"AS 100mg / AQ eq. 270mg base, blister of 3 tab, 18-35 kg",MATCHED,DORAASAQ3T1,"AS 100  mg / AQ eq. 270 mg base, blister of 3 tab, 18-35 kg",0.914,
1408,renamed,"AS 100mg / AQ eq. 270mg base, blister of 6 tab., >36 kg",MATCHED,DORAASAQ4T1,"AS 100  mg / AQ eq. 270 mg base, blister of  6 tab., >36 kg",0.909,
1410,renamed,"AS 25mg / AQ eq. 67.5mg base, blister of 3 tab, 4.5-8 kg",MATCHED,DORAASAQ1T1,"AS 25 mg / AQ eq. 67.5 mg base, blister of 3 tab, 4.5-8 kg",0.933,
1414,renamed,"ASCORBIC acid (vitamin C), 250mg, chewable tab.",MATCHED,DORAASCA2T-,"ASCORBIC acid (vitamin C), 250 mg, tab.",0.836,
1422,renamed,"ACETYLSALICYLIC acid (aspirin), 300-325mg, tab.",MATCHED-APPROX,DORAACSA3T-,"ACETYLSALICYLIC acid (aspirin), 300 mg, tab.",0.564,MML wording/pack differs slightly
1435,renamed,"ATROPINE sulfate, 1mg/ml, 1ml, amp.",MATCHED,DINJATRO1A-,"ATROPINE sulfate, 1 mg/ml, 1 ml, amp.",0.862,
1441,renamed,"AZITHROMYCIN, 250mg, tab.",MATCHED,DORAAZIT2T-,"AZITHROMYCIN, 250 mg, tab.",0.841,
1446,renamed,"BECLOMETASONE dipropionate, 100mcg/puff, 200 puffs, aerosol",MATCHED,DORABECL1SF,"BECLOMETASONE dipropionate, 0.10mg/puff, 200 puffs,aerosol",0.902,
1447,renamed,"BECLOMETASONE dipropionate, 250mcg/puff, 200 puffs, aerosol",MATCHED,DORABECL2SF,"BECLOMETASONE dipropionate, 0.25mg/puff, 200 puffs,aerosol",0.902,
1453,renamed,"BENZYL BENZOATE, 25%, lotion, 1l, bot.",MATCHED,DEXTBENZ2L1,"BENZYL BENZOATE, 25%, lotion, 1 l, bot.",0.9,
1461,renamed,"BISOPROLOL fumarate, 10mg, break.tab. in 1/4",MATCHED,DORABISO1TB4,"BISOPROLOL fumarate, 10 mg, break.tab. in 1/4",0.92,
1462,renamed,"BISOPROLOL fumarate, 2.5mg, break. tab.",MATCHED,DORABISO2TB,"BISOPROLOL fumarate, 2.5 mg, break. tab.",0.901,
1472,renamed,"CAFFEINE CITRATE, 10mg/ml, eq. 5mg caffeine base, 1ml, amp.",MATCHED,DINJCAFC1A-,"CAFFEINE CITRATE, 10mg/ml, eq. 5 mg caffeine base, 1ml, amp.",0.928,
1475,renamed,"CALCIUM carbonate, eq. 500mg Ca, chewable tab.",MATCHED,DORACALC5TC,"CALCIUM carbonate, eq. 500 mg Ca, chewable tab.",0.912,
1476,renamed,"CALCIUM GLUCONATE, 100mg/ml, 10ml, amp.",MATCHED,DINJCALG1A-,"CALCIUM GLUCONATE, 100 mg/ml, 10 ml, amp.",0.85,
1488,renamed,"CEFIXIME, 100mg/5ml, powder for oral susp., 60ml, bot.",MATCHED,DORACEFI2S-,"CEFIXIME, 100mg/5ml, powder for oral susp., 60 ml, bot.",0.928,
1492,renamed,"CEFTRIAXONE sodium, eq. 1g base, powder, vial",MATCHED,DINJCEFT1V-,"CEFTRIAXONE sodium, eq. 1 g base,  powder, vial",0.912,
1497,renamed,"CEFALEXIN, 125mg/5ml, gran./pwd for oral susp. 100-150ml bot",MATCHED-APPROX,DORACEFX1S-,"CEFALEXIN, 125mg/5ml, granules oral susp., 100 ml, bot.",0.652,MML wording/pack differs slightly
1506,renamed,"CHLORHEXIDINE (di)gluconate 0.2%, mouthwash, sol., 300ml bot",MATCHED,DEXTCHLH2S-,"CHLORHEXIDINE digluconate 0.2%, mouthwash, sol., 300ml, bot.",0.921,
1517,renamed,"CHLORPROMAZINE hydrochloride, eq. 25mg base, tab.",MATCHED,DORACHLM2T-,"CHLORPROMAZINE hydrochloride, eq. 25mg base, tab.",1.0,
1530,renamed,"CIPROFLOXACIN salt, eq. 2mg/ml base,100ml, bag/bot PVC free",MATCHED,DINJCIPR2FBF,"CIPROFLOXACIN salt, eq. 2mg/ml base,100ml,flex.bag PVC free",0.926,
1531,renamed,"CIPROFLOXACIN hydrochloride, eq. 250mg base, tab.",MATCHED,DORACIPR2T-,"CIPROFLOXACIN hydrochloride, eq. 250 mg base, tab.",0.902,
1532,renamed,"CIPROFLOXACIN, 250mg/5ml, gran.+ solvent oral susp",MATCHED,DORACIPR1S-,"CIPROFLOXACIN, 250mg/5ml, gran.+ solvent oral susp",1.0,
1533,renamed,"CIPROFLOXACIN hydrochloride, eq. 500mg base, tab.",MATCHED,DORACIPR5T-,"CIPROFLOXACIN hydrochloride, eq. 500 mg base, tab.",0.902,
1546,renamed,"CLOTRIMAZOLE, 500mg, vaginal tab./pessary + applicator",MATCHED,DEXTCLOT5T-,"CLOTRIMAZOLE, 500 mg, vaginal tab. + applicator",0.835,
1548,renamed,"CLOXACILLIN sodium, eq. 250mg base, caps.",MATCHED,DORACLOX2C-,"CLOXACILLIN sodium, eq. 250 mg base, caps.",0.901,
1549,renamed,"CLOXACILLIN sodium, eq. 500mg base, caps.",MATCHED,DORACLOX5C-,"CLOXACILLIN sodium, eq. 500 mg base, caps.",0.901,
1550,renamed,"CLOXACILLIN sodium, eq. 500mg base, powder, vial IV",MATCHED,DINJCLOX5VV,"CLOXACILLIN sodium, eq. 500 mg base,  powder, vial IV",0.921,
1559,renamed,"CONDOM, lubricated + RESERVOIR, s.u.",MATCHED,SMSUCOND1--,"CONDOM, lubricated + RESERVOIR, s.u.",1.0,
1584,renamed,"DEXAMETHASONE phosphate, 4mg/ml, 1ml, amp.",MATCHED,DINJDEXA4A-,"DEXAMETHASONE phosphate, 4 mg/ml, 1 ml, amp.",0.851,
1593,renamed,"DIAZEPAM, 5mg, tab.",MATCHED,DORADIAZ5T-,"DIAZEPAM, 5 mg, tab.",0.838,
1596,renamed,"DIAZEPAM, 5mg/ml, 2ml, amp.",MATCHED,DINJDIAZ1A-,"DIAZEPAM, 5 mg/ml, 2 ml, amp.",0.827,
1626,renamed,"DOPAMINE hydrochloride, 40mg/ml, 5ml, amp.",MATCHED,DINJDOPA2A-,"DOPAMINE hydrochloride, 40 mg/ml, 5 ml, amp.",0.851,
1634,renamed,"DOXYCYCLINE salt, eq. 100mg base, tab.",MATCHED,DORADOXY1T-,"DOXYCYCLINE salt, eq. 100 mg base, tab.",0.9,
1648,renamed,"ENALAPRIL maleate, 20mg, tab.",MATCHED,DORAENAL2T-,"ENALAPRIL maleate, 20 mg, tab.",0.867,
1649,renamed,"ENALAPRIL maleate, 5mg, tab.",MATCHED,DORAENAL5T-,"ENALAPRIL maleate, 5 mg, tab.",0.867,
1656,renamed,"EPINEPHRINE (adrenaline) tartrate,eq. 1mg/ml base,1ml amp IV",MATCHED,DINJEPIN1AV,"EPINEPHRINE (adrenaline) tartrate,eq.1 mg/ml base,1ml amp IV",0.948,override: IM variant belongs to drugId 1657
1657,renamed,"EPINEPHRINE (adrenaline) tartrate, eq.1mg/ml base,1ml amp IM",MATCHED,DINJEPIN1AM,"EPINEPHRINE (adrenaline) tartrate, eq.1mg/ml base,1ml amp IM",1.0,
1679,renamed,"ETHINYLESTR. 0.03mg / LEVONORGESTREL 0.15mg, blister 28 tab.",MATCHED,DORAETHL31T,"ETHINYLESTR. 0.03 mg / LEVONORGESTREL 0.15 mg, blister 28tab",0.823,
1692,renamed,"FERROUS salt, eq. 60mg iron / FOLIC acid 0.4mg, tab",MATCHED,DORAFERF14T,"FERROUS salt eq. 60 mg iron / FOLIC acid 0.4 mg, tab",0.895,
1694,renamed,"FLUCONAZOLE, 200mg, caps.",MATCHED,DORAFLUC2C-,"FLUCONAZOLE, 200 mg, caps.",0.841,
1695,renamed,"FLUCONAZOLE, 2mg/ml, 100ml, bag/bottle PVC free",MATCHED,DINJFLUC2FBF,"FLUCONAZOLE, 2 mg/ml, 100 ml, flexible bag PVC free",0.776,
1696,renamed,"FLUCONAZOLE, 50mg, caps.",MATCHED,DORAFLUC5C-,"FLUCONAZOLE, 50 mg, caps.",0.841,
1708,renamed,"FOLIC acid, 5mg, tab.",MATCHED,DORAFOLA5T-,"FOLIC acid, 5 mg, tab.",0.864,
1712,renamed,"FUROSEMIDE, 20mg, tab.",MATCHED,DORAFURO2T-,"FUROSEMIDE, 20 mg, tab.",0.84,
1713,renamed,"FUROSEMIDE, 10mg/ml, 2ml, amp.",MATCHED,DINJFURO2A-,"FUROSEMIDE, 10 mg/ml, 2 ml, amp.",0.829,
1716,renamed,"FUROSEMIDE, 40mg, tab.",MATCHED,DORAFURO4T-,"FUROSEMIDE, 40 mg, tab.",0.84,
1719,renamed,"GENTAMICIN sulfate, eq. 40mg/ml base, 2ml, amp.",MATCHED,DINJGENT8A-,"GENTAMICIN sulfate, eq. 40 mg/ml base, 2 ml, amp.",0.877,
1722,renamed,"GLUCOSE hypertonic, 10%, 10ml, amp",MATCHED,DINJGLUC1A1,"GLUCOSE hypertonic, 10%, 10 ml, amp",0.91,
1723,renamed,"GLUCOSE hypertonic, 50%, 50ml, vial",MATCHED,DINJGLUC5V5,"GLUCOSE hypertonic, 50%, 50 ml, vial",0.91,
1742,renamed,"HALOPERIDOL, 2mg/ml/20 drops, 30ml, bot.",MATCHED,DORAHALP3D-,"HALOPERIDOL, 2mg/ml/20 drops, 30 ml, bot.",0.932,
1744,renamed,"HALOPERIDOL, 5mg, tab.",MATCHED,DORAHALP5T-,"HALOPERIDOL, 5 mg, tab.",0.84,
1745,renamed,"HALOPERIDOL, 5mg/ml, 1ml, amp.",MATCHED,DINJHALP5A-,"HALOPERIDOL, 5 mg/ml, 1 ml, amp.",0.829,
1760,renamed,"HYDROCORTISONE sodium succinate, eq.100mg base, powder, vial",MATCHED,DINJHYDR1V-,"HYDROCORTISONE sodium succinate, eq.100mg base, powder, vial",1.0,
1763,renamed,"HYDROCORTISONE (acetate or base), 1%, ointment, 15-20g, tube",MATCHED,DEXTHYDR1O1,"HYDROCORTISONE (acetate or base), 1%, ointment, 15 g, tube",0.618,corrected 2026-09-24; was mis-matched to DEXTCHLH7G2
1773,renamed,"IBUPROFEN, 200mg, tab.",MATCHED,DORAIBUP2T-,"IBUPROFEN, 200 mg, tab.",0.84,
1775,renamed,"IBUPROFEN, 400mg, tab.",MATCHED,DORAIBUP4T-,"IBUPROFEN, 400 mg, tab.",0.84,
1786,renamed,"INSULIN HUMAN, BIPHASIC 30-70 IU/ml, 10ml, vial N",MATCHED,DINJINSHB1VN,"INSULIN HUMAN, BIPHASIC 30-70 IU/ml, 10ml, vial N",1.0,
1787,renamed,"INSULIN HUMAN, ISOPHANE (NPH) 100 UI/ml, 10ml, vial N",MATCHED,DINJINSHI1VN,"INSULIN HUMAN, ISOPHANE (NPH) 100 UI/ml, 10 ml, vial N",0.95,
1788,renamed,"INSULIN HUMAN, RAPID 100 IU/ml, 10ml, vial N",MATCHED,DINJINSHR1VN,"INSULIN HUMAN, RAPID 100 IU/ml, 10 ml, vial N",0.945,
1798,renamed,"IPRATROPIUM bromide, 0.25mg/ml, 2ml, sol. for nebulizer",MATCHED,DORAIPRA5N-,"IPRATROPIUM bromide, 0.250mg/ml, 2ml, sol. for nebuliser",0.897,
1809,renamed,"ISOSORBIDE DINITRATE, 5mg, sublingual tab.",MATCHED,DORAISOB5T-,"ISOSORBIDE DINITRATE, 5 mg, sublingual tab.",0.888,
1810,renamed,"IVERMECTIN, 3mg, tab.",MATCHED,DORAIVER3TS,"IVERMECTIN (scabies + other indic.), 3 mg, tab.",0.71,ambiguous: 3 MML ivermectin variants; picked scabies/other-indications
1813,renamed,"KETAMINE hydrochloride, eq. 50mg/ml base, 5ml, amp.",MATCHED,DINJKETA2A-,"KETAMINE hydrochloride, eq. 50 mg/ml base, 5 ml, amp.",0.878,
1814,renamed,"LACTULOSE, min. 3.3g/5ml, oral sol., bot.",MATCHED-APPROX,DORALACT1S-,"LACTULOSE,  min. 3.1 g/5ml, oral sol., bot.",0.675,MML wording/pack differs slightly
1834,renamed,"LEVONORGESTREL, 1.5mg, tab.",MATCHED,DORALEVN1T-,"LEVONORGESTREL, 1.5 mg, tab.",0.867,
1835,renamed,LEVONORGESTREL implant 2 x 75mg + trocar,MATCHED,DINJLEVN15I,LEVONORGESTREL implant 2 x 75 mg (Jadelle) + trocar,0.847,
1841,renamed,"LIDOCAINE hydrochloride, 1%, preservative-free, 10ml, amp",MATCHED,DINJLIDO1A1,"LIDOCAINE hydrochloride, 1%, preservative-free, 10 ml, amp",0.913,
1846,renamed,"LIDOCAINE, 2%, jelly, sterile, 30g, tube",MATCHED,DEXTLIDO2J3,"LIDOCAINE, 2%, jelly, sterile, tube",0.62,corrected 2026-09-24; was mis-matched to DEXTFUSI2C3
1855,renamed,"LOPERAMIDE hydrochloride, 2mg, tab.",MATCHED,DORALOPE2T-,"LOPERAMIDE hydrochloride, 2 mg, tab.",0.869,
1861,renamed,"LORATADINE, 10mg, tab.",MATCHED,DORALORA1T-,"LORATADINE, 10mg, tab.",1.0,
1864,renamed,"MAGNESIUM sulfate, 0.5g/ml, 10ml, amp.",MATCHED,DINJMAGS5A-,"MAGNESIUM sulfate, 0.5 g/ml, 10 ml, amp.",0.864,
1870,renamed,"MEDROXYPROGESTERONE acetate, 150mg, 1ml, vial",MATCHED,DINJMEDR1V-,"MEDROXYPROGESTERONE acetate, 150 mg, 1 ml, vial",0.824,
1872,renamed,"MEFLOQUINE hydrochloride, eq. 250mg base, tab.",MATCHED,DORAMEFL2T-,"MEFLOQUINE hydrochloride, eq. 250 mg base, tab.",0.902,
1881,renamed,"METFORMIN hydrochloride, 500mg, tab.",MATCHED,DORAMETF5T-,"METFORMIN hydrochloride, 500 mg, tab.",0.869,
1893,renamed,"METOCLOPRAMIDE hydrochloride anhydrous, 10mg, tab.",MATCHED,DORAMETO1T-,"METOCLOPRAMIDE hydrochloride anhydrous, 10 mg, tab.",0.889,
1894,renamed,"METOCLOPRAMIDE hydrochloride, 5mg/ml, 2ml, amp.",MATCHED,DINJMETO1A-,"METOCLOPRAMIDE hydrochloride, 5 mg/ml, 2 ml, amp.",0.852,
1898,renamed,"METRONIDAZOLE benzoate,eq.200mg/5ml base,oral susp,100-120ml",MATCHED-APPROX,DORAMETN2S-,"METRONIDAZOLE benzoate, eq.200mg/5ml base, oral susp., 100ml",0.743,MML wording/pack differs slightly
1899,renamed,"METRONIDAZOLE, 250mg, tab.",MATCHED,DORAMETN2T-,"METRONIDAZOLE, 250 mg, tab.",0.841,
1900,renamed,"METRONIDAZOLE, 5mg/ml, 100ml, bag/bottle PVC free",MATCHED,DINJMETN5FBF,"METRONIDAZOLE, 5 mg/ml, 100 ml, flex. bag PVC free",0.793,
1901,renamed,"METRONIDAZOLE, 500mg, tab.",MATCHED,DORAMETN5T-,"METRONIDAZOLE, 500 mg, tab.",0.841,
1903,renamed,"MICONAZOLE nitrate, 2%, crème, 30g, tube",MATCHED,DEXTMICO2C3,"MICONAZOLE nitrate, 2%, cream, 30 g, tube",0.844,
1904,renamed,"MICONAZOLE, 2%, oral gel, 40g, tube",MATCHED,DORAMICO2J4,"MICONAZOLE, 2%, oral gel, 40g, tube",1.0,
1905,renamed,"MIDAZOLAM, 1mg/ml, 5ml, amp",MATCHED,DINJMIDA5A-,"MIDAZOLAM, 1 mg / ml, 5 ml, amp",0.828,
1913,renamed,"MISOPROSTOL, 200µg, tab.",MATCHED,DORAMISP2T-,"MISOPROSTOL, 200 µg, tab.",1.0,
1914,renamed,"MORPHINE hydrochloride, 10mg/ml, 1ml, amp.",MATCHED,DINJMORP1A-,"MORPHINE hydrochloride, 10 mg/ml, 1 ml, amp.",0.851,
1915,renamed,"MORPHINE sulfate, 10mg/5ml, oral sol., 100ml, bot.",MATCHED,DORAMORP1S-,"MORPHINE sulfate, 10mg/5ml, oral sol., 100 ml, bot.",0.921,
1917,renamed,"MORPHINE sulfate, 10mg, prolonged-release tab.",MATCHED,DORAMORP1TS,"MORPHINE sulfate, 10 mg, prolonged-release tab.",0.902,
1918,renamed,"MORPHINE sulfate, 10mg, immediate-release, tab.",MATCHED,DORAMORP1T-,"MORPHINE sulfate, 10 mg, immediate release breakable tab.",0.844,
1937,renamed,"NALOXONE hydrochloride, 0.4mg/ml, 1ml, amp.",MATCHED,DINJNALO4A-,"NALOXONE hydrochloride, 0.4 mg/ml, 1 ml, amp.",0.865,
1940,renamed,"NEVIRAPINE (NVP), 50mg/5ml, oral susp., 100ml, bot.",MATCHED,DORANEVI1S1,"NEVIRAPINE (NVP), 50mg/5ml, oral susp., 100 ml, bot.",0.92,
1946,renamed,"NIFEDIPINE, 10mg, immediate-release tab.",MATCHED,DORANIFE1TI,"NIFEDIPINE, 10 mg, immediate release tab.",0.888,
1958,renamed,"NYSTATIN, 100,000 IU/ml, oral susp. + dropper/graduated syr.",MATCHED,DORANYST1S-,"NYSTATIN, 100,000 IU/ml, oral susp.",0.823,
1964,renamed,"OMEPRAZOLE, 20mg, gastro-resistant caps.",MATCHED,DORAOMEP2CG,"OMEPRAZOLE, 20 mg, gastro-resistant caps.",0.888,
1972,renamed,"OMEPRAZOLE sodium, eq. 40mg base, powder, vial",MATCHED,DINJOMEP4V-,"OMEPRAZOLE sodium, eq. 40 mg base, powder, vial, fr infusion",0.833,
1974,renamed,"ONDANSETRON hydrochloride, eq. 2mg/ml base, 2ml, amp.",MATCHED,DINJONDA4A-,"ONDANSETRON hydrochloride, eq. 2mg/ml base, 2 ml, amp.",0.94,
1976,renamed,"ONDANSETRON hydrochloride, eq. 4mg base, tab.",MATCHED,DORAONDA4T-,"ONDANSETRON hydrochloride, eq. 4 mg base, tab.",0.901,
1977,renamed,"ONDANSETRON hydrochloride, eq. 8mg base, tab.",MATCHED,DORAONDA8T-,"ONDANSETRON hydrochloride, eq. 8 mg base, tab.",0.901,
2012,renamed,"PHENOBARBITAL sodium, 200mg/ml, 1ml, amp.",MATCHED,DINJPHEN2A1,"PHENOBARBITAL sodium, 200 mg/ml, 1 ml, amp.",0.851,
2025,renamed,"PHENYTOIN sodium, 50mg/ml, 5ml, amp.",MATCHED,DINJPHEY2A-,"PHENYTOIN sodium, 50 mg/ml, 5ml, amp.",0.9,
2034,renamed,"POTASSIUM chloride, 600mg (8mEq), prolonged-release tab.",MATCHED,DORAPOTC6TP,"POTASSIUM chloride, 600mg (8mEq), prolonged-release tab.",1.0,
2035,renamed,"POTASSIUM chloride, 2mmol/ml (15%), 10ml, amp.",MISSING-FROM-MML,DINJPOTC2A-,"POTASSIUM chloride, 100 mg/ml, 10 ml, amp.",0.549,"KCl 15% (2 mmol/ml) not in MML 2019; nearest is 100 mg/ml; provisional code DINJPOTC2A- added, nearest MSL row DINJPOTC1A-"
2036,renamed,"POTASSIUM CHLORURE, 100mg/ml (1,33meq/ml), sol.orale 500ml,fl",MISSING-FROM-MML,DORAPOTC1S-,"POTASSIUM chloride, 7.5% w/v, 1mmol K/ml,oral sol.,500ml,bot",0.399,"KCl oral 100 mg/ml not in MML 2019; nearest is 7.5% w/v (75 mg/ml); provisional code DORAPOTC1S- added, nearest MSL row DORAPOTC7S-"
2042,renamed,"PRAZIQUANTEL, 600mg, break. tab.",MATCHED,DORAPRAZ6TB,"PRAZIQUANTEL, 600 mg, break. tab.",0.868,
2044,renamed,"PREDNISOLONE, 5mg, tab.",MATCHED,DORAPRED5T-,"PREDNISOLONE, 5 mg, tab.",0.84,
2111,renamed,"HYOSCINE BUTYLBROMIDE (scopolamine butylbrom) 20mg/1ml, amp.",MATCHED,DINJHYOS2A-,"HYOSCINE BUTYLBROMIDE (scopolamine butylbrom), 20 mg/1ml,amp",0.913,
2112,renamed,"HYOSCINE BUTYLBROMIDE (scopolamine butylbromide), 10mg, tab",MATCHED,DORAHYOS1T-,"HYOSCINE BUTYLBROMIDE (scopolamine butylbromide), 10 mg, tab",0.889,
2121,renamed,"SODIUM BICARBONATE,, 8,4%, 1meq/ml, 20ml,, amp.",MATCHED,DINJSODB8A2,"SODIUM BICARBONATE, 8.4%, 1 mEq/ml, 20 ml, amp.",0.876,
2122,renamed,"SODIUM BICARBONATE, 8.4%, 1mEq/ml, 10ml, amp.",MATCHED,DINJSODB8A1,"SODIUM BICARBONATE, 8.4%, 1 mEq/ml, 10 ml, amp.",0.876,
2123,renamed,"SODIUM chloride, 0.9%, 100ml, flex. bag, PVC free",MATCHED,DINFSODC9FBF0,"SODIUM chloride, 0.9%, 100 ml, flex. bag, PVC free",0.927,
2153,renamed,"TDF 300mg / 3TC 300mg, tab.",MATCHED,DORATELA1T-,"TDF 300 mg / 3TC 300 mg, tab.",0.858,
2160,renamed,"TETRACYCLINE hydrochl., 1%, eye ointment, ster., 5g, tube",MATCHED,DEXOTETR1O5,"TETRACYCLINE hydrochloride, 1%, eye ointment, ster, 5g, tube",0.925,
2161,renamed,"THIAMINE hydrochloride (vitamin B1), 50mg, tab.",MATCHED,DORATHIA5T-,"THIAMINE hydrochloride (vitamin B1), 50 mg, tab.",0.902,
2165,renamed,"TRANEXAMIC acid, 100mg/ml, 5ml amp.",MATCHED,DINJTRAN5A-,"TRANEXAMIC ACID, 100 mg/ml, 5 ml amp.",0.849,
2210,renamed,"ZINC sulfate, eq. to 20 mg zinc mineral, disp. tab.",MATCHED,DORAYINS2T-,"ZINC sulfate, eq. to 20 mg zinc mineral, dispersible tab.",0.922,
2211,new,"ALUMINIUM hydrox. 400mg/ MAGNESIUM hydrox. 400mg, chew. tab.",MATCHED,DORAALUM44TC,"ALUMINIUM hydroxide 400mg/ MAGNESIUM hydrox. 400mg,chew.tab.",0.953,
2212,new,"AMOXICILLIN 500mg / CLAVULANIC acid, 62.5 mg, tab.",MATCHED,DORAAMOC56T,"AMOXICILLIN 500mg / CLAVULANIC acid, 62.5 mg, tab.",1.0,
2213,new,"AMOXICILLIN 875mg / CLAVULANIC acid 125mg, tab.",MATCHED,DORAAMOC81T,"AMOXICILLIN 875mg / CLAVULANIC acid 125mg, tab.",1.0,
2214,new,"AS 50 mg / AQ eq. 135mg base, blister of 3 tab, 9-17 kg",MATCHED,DORAASAQ2T1,"AS 50  mg / AQ eq. 135 mg base, blister of 3 tab, 9-17 kg",0.963,
2215,new,"AS 20mg / PYRONARIDINE 60mg, granules, sachet",MISSING-FROM-MML,DORAASPY2G-,,0.367,"AS/PYRONARIDINE (Pyramax) absent from MML 2019; provisional code DORAASPY2G- added, nearest MSL row none"
2216,new,"AS 60mg / PYRONARIDINE 180mg, tab.",MISSING-FROM-MML,DORAASPY6T-,,0.374,"AS/PYRONARIDINE (Pyramax) absent from MML 2019; provisional code DORAASPY6T- added, nearest MSL row none"
2217,new,"AZITHROMYCIN, 500mg, tab",MATCHED,DORAAZIT5T-,"AZITHROMYCIN, 500 mg, tab",0.841,
2218,new,"AZITHROMYCINE,, 200mg/5ml,, poudresusp.orale,15ml, fl.",MISSING-FROM-MML,DORAAZIT3S1,"AZITHROMYCIN, 200mg/5ml, powder oral susp., 30ml, bot.",0.505,"15 ml pack absent; MML has the 30 ml bottle; provisional code DORAAZIT3S1 added, nearest MSL row DORAAZIT3S-"
2219,new,"ATOVAQUONE 250mg / PROGUANIL HCl 100mg, tab., >40 kg",MATCHED,DORAATOP2T1,"ATOVAQUONE 250mg / PROGUANIL HCl 100mg, tab., >40 kg",1.0,
2220,new,"ATOVAQUONE 62.5mg/ PROGUANIL HCl 25mg, tab., 11-40kg",MATCHED,DORAATOP1T1,"ATOVAQUONE 62.5mg/ PROGUANIL HCl 25mg, tab., 11-40kg",1.0,
2221,new,"BECLOMETASONE dipropionate, 50mcg/puff, 200 puffs, aerosol",MATCHED,DORABECL5SF,"BECLOMETASONE dipropionate, 0.05mg/puff, 200 puffs,aerosol",0.899,
2222,new,"CABERGOLINE, 0.5mg, break. tab.",MATCHED,DORACABG5TB,"CABERGOLINE, 0.5 mg, break. tab.",0.886,
2223,new,"CEFIXIME, 200 mg, tab.",MATCHED,DORACEFI2T-,"CEFIXIME, 200 mg, tab.",1.0,
2224,new,"BENZOIC ACID 6% / SALICYLIC ACID 3%, ointment, 40g, tube",MATCHED,DEXTBENS6O4,"BENZOIC ACID 6% / SALICYLIC ACID 3%, ointment, 40 g, tube",0.921,
2225,new,"COTRIMOXAZOLE, 400mg/ 80mg, tab.",MATCHED,DORACOTR4T-,"COTRIMOXAZOLE, 400 mg / 80 mg, tab.",0.808,
2226,new,"DEXAMETHASONE 5mg/NEOMYCIN 17500 IU eye drops, ster. 5ml bot",MATCHED,DEXODEXN5D5,"DEXAMETHASONE 5 mg / NEOMYCINE 17500 IU, eye drops, 5ml, bot",0.86,
2227,new,"DEXTROSE (GLUCOSE), 10%, 500ml, flex. bag, PVC free",MATCHED,DINFDEXT1FBF5,"DEXTROSE (GLUCOSE), 10%, 500 ml, flex. bag, PVC free",0.92,
2228,new,"DEXTROSE (GLUCOSE), 5%, 1l, flex. bag, PVC free",MATCHED,DINFDEXT5FBF1,"DEXTROSE (GLUCOSE), 5%, 1 l, flex. bag, PVC free",0.92,
2229,new,"DEXTROSE (GLUCOSE), 5%, 500ml, flex. bag, PVC free",MATCHED,DINFDEXT5FBF5,"DEXTROSE (GLUCOSE), 5%, 500 ml, flex. bag, PVC free",0.92,
2230,new,"DEXTROSE 5%/ RINGER LACTATE, 500ml, flex. bag, PVC free",MATCHED,DINFDERI5FBF5,"DEXTROSE 5%/ RINGER LACTATE , 500ml, flex. bag, PVC free",1.0,
2231,new,"DOLUTEGRAVIR sodium (DTG), eq. 50mg base, tab.",MATCHED,DORADOLU5T-,"DOLUTEGRAVIR sodium (DTG), eq. 50 mg base, tab.",0.912,
2232,new,"DRV eq. 400mg base / r 50mg, tab.",MISSING-FROM-MML,DORADARR4T-,"DARUNAVIR ethanolate (DRV), eq. 400 mg base, tab.",0.503,"DRV/r fixed-dose combination absent; MML has DRV alone; provisional code DORADARR4T- added, nearest MSL row DORADARU4T-"
2233,new,"FEMALE CONDOM, lubricated, 170 mm, s.u.",MATCHED,SMSUCONDF1-,"FEMALE CONDOM, lubricated, 170 mm, s.u.",1.0,
2234,new,"FLUCONAZOLE, 50mg/5ml, powder oral susp., bot.",MATCHED,DORAFLUC1S-,"FLUCONAZOLE, 50mg/5ml, powder oral susp., bot.",1.0,
2235,new,"FLUMAZENIL, 0.1mg/ml, 10ml, amp.",MATCHED,DINJFLUM1A-,"FLUMAZENIL, 0.1mg/ml, 10 ml, amp.",0.922,
2236,new,"GLYCERYL TRINITRATE, 0.5mg, sublingual tab.",MATCHED,DORAGLYT5T-,"GLYCERYL TRINITRATE, 0.5 mg, sublingual tab.",0.901,
2237,new,"LABETALOL hydrochloride, 5mg/ml, 20ml amp.",MATCHED,DINJLABE1A-,"LABETALOL hydrochloride, 5 mg/ml, 20 ml amp.",0.851,
2238,new,"LEVETIRACETAM, 100mg/ml, 5ml, vial",MATCHED,DINJLEVE5V-,"LEVETIRACETAM, 100mg/ml, 5ml, vial",1.0,
2239,new,"LEVETIRACETAM, 250mg, tab.",MISSING-FROM-MML,DORALEVE2T-,,0.748,"LEVETIRACETAM 250 mg tab absent from MML 2019; provisional code DORALEVE2T- added, nearest MSL row none"
2240,new,"MAGNESIUM oxide, eq. to 300mg Mg, tab.",MATCHED,DORAMAGN3T-,"MAGNESIUM oxide, eq. to 300mg Mg, tab.",1.0,
2241,new,"METHYLDOPA, 250mg, tab.",MATCHED,DORAMETY2T-,"METHYLDOPA, 250 mg, tab.",0.84,
2242,new,"METHYLERGOMETRINE maleate, 0,2mg/ml, 1ml, amp.",MATCHED,DINJMERG2A-,"METHYLERGOMETRINE maleate, 0.2 mg/ml, 1 ml, amp.",0.866,
2243,new,"MIFEPRISTONE, 200mg, tab.",MATCHED,DORAMIFP2T-,"MIFEPRISTONE, 200 mg, tab.",0.841,
2244,new,"NICARDIPINE hydrochloride, 1mg/ml, 10ml, amp.",MATCHED,DINJNICA1A-,"NICARDIPINE hydrochloride, 1mg / ml, 10 ml, amp.",0.924,
2245,new,"NOREPINEPHRINE (noradrenaline) tartrate, eq.1mg/ml base, 4ml",MATCHED,DINJNEPI4AV,"NOREPINEPHRINE (noradrenaline) tartrate,eq.1mg/ml base,4ml",1.0,
2246,new,"ORAL REHYDRATION SALTS (ORS) low osmol., sachet 20.5g/1l",MATCHED,DORAORSA2S-,"ORAL REHYDRATION SALTS (ORS) low osmol., sachet 20.5 g/1l",0.934,
2247,new,"OXYTETRACYCLINE CHLORHYDRATE,, 0,5%, pde opht,stér 4-5g tube",MISSING-FROM-MML,DEXOOTET5O5,"TETRACYCLINE hydrochloride, 1%, eye ointment, ster, 5g, tube",0.662,"OXYTETRACYCLINE 0.5% eye oint. absent; MML has TETRACYCLINE 1%; provisional code DEXOOTET5O5 added, nearest MSL row DEXOTETR1O5"
2248,new,"OXYTOCIN, 10 IU/ml, 1ml, amp.",MATCHED,DINJOXYT1A-,"OXYTOCIN, 10 IU/ml, 1 ml, amp.",0.921,
2249,new,"PARACETAMOL (acetaminophen), 100mg, tab.",MATCHED,DORAPARA1T-,"PARACETAMOL (acetaminophen), 100 mg, tab.",0.869,
2250,new,"PARACETAMOL (acetaminophen), 10mg/ml, 100ml, bot.",MATCHED,DINJPARA1B-,"PARACETAMOL (acetaminophen), 10 mg/ml, 100 ml, bot.",0.852,
2251,new,"PARACETAMOL (acetaminophen), 10mg/ml, 50ml, bot.",MATCHED,DINJPARA5B-,"PARACETAMOL (acetaminophen),10 mg/ml, 50 ml, bot.",0.852,
2252,new,"PARACETAMOL (acetaminophen), 120mg/5ml,oral susp.,100ml bot.",MATCHED,DORAPARA1S2,"PARACETAMOL (acetaminophen), 120mg/5ml,oral susp.,100ml bot.",1.0,
2253,new,"PARACETAMOL (acetaminophen), 500mg, tab.",MATCHED,DORAPARA5T-,"PARACETAMOL (acetaminophen), 500 mg, tab.",0.869,
2254,new,"PARACETAMOL (acetaminophen),10mg/ml, 50ml, flex.bag PVC free",MATCHED,DINJPARA5FBF,"PARACETAMOL (acetaminophen),10mg/ml, 50ml, flex.bag PVC free",1.0,
2255,new,"PARACETAMOL (acetaminophen),10mg/ml,100ml, flex.bag PVC free",MATCHED,DINJPARA1FBF,"PARACETAMOL (acetaminophen),10mg/ml,100ml, flex.bag PVC free",1.0,
2256,new,"PHYTOMENADIONE (vitamin K1), 10mg/ml (2mg/0.2ml), 0.2ml amp.",MATCHED,DINJPHYT2AN,"PHYTOMENADIONE (vitamin K1), 10mg/ml (2mg/0.2ml), 0.2ml amp.",1.0,
2257,new,"PHYTOMENADIONE (vitamin K1), 10mg/ml, 1ml, amp.",PROVISIONAL,DINJPHYT1A1,"PHYTOMENADIONE (vitamin K1), 10 mg/ml, 1 ml, amp.",0.865,"PROVISIONAL CODE 2026-09-24; MSL DORAPHYT1A1 filed it as oral (PO only), moved to injectable"
2258,new,"PROMETHAZINE hydrochloride, eq. 25mg base, tab.",MATCHED,DORAPROM2T-,"PROMETHAZINE hydrochloride, eq. 25 mg base, tab.",0.902,
2259,new,"PROMETHAZINE hydrochloride, eq. 25mg/ml base, 2ml, amp.",MATCHED,DINJPROM5A-,"PROMETHAZINE hydrochloride, eq. 25 mg/ml base, 2 ml, amp.",0.879,
2260,new,"READY-TO-USE SUPPLEMENTARY FOOD, peanut paste, 100g",MATCHED,NFOSRUSFPEP10,"READY TO USE SUPPLEMENTARY FOOD, peanut paste, 100g",1.0,
2261,new,"READY-TO-USE THERAPEUTIC FOOD, peanut paste, 92g",MATCHED-APPROX,NFOSRUTFPEP92,"RUTF, peanut paste, 92 g",0.643,MML wording/pack differs slightly
2262,new,"READY-TO-USE THERAP. FOOD (BP100), biscuit 510g (= 9 bars)",MATCHED-APPROX,NFOSRUTFCEB51,"RUTF (BP100), cereal biscuit, 510 g (= 9 barres)",0.658,MML wording/pack differs slightly
2263,new,"RESOMAL, rehydration acute complic. malnut., sach. 84g/2l",MATCHED,DORAORMA2S8,"RESOMAL, rehydration acute complic. malnut., sach. 84g/2l",1.0,
2264,new,"RETINOL (vitamin A), stabil., 200,000 IU, soft gelat. caps.",MATCHED,DORARETI2C-,"RETINOL (vitamin A) stabil., 200,000 IU, soft gelat. caps.",1.0,
2265,new,"SALBUTAMOL sulfate, eq. 100mcg base/puff, 200 puffs, aerosol",MATCHED,DORASALB2SF,"SALBUTAMOL sulfate, eq.0.1mg base/puff, 200 puffs, aerosol",0.914,
2266,new,"SALBUTAMOL, 2mg/ml, 2.5ml, sol. for nebulizer, monodose",MATCHED,DORASALB1N-,"SALBUTAMOL, solution for nebulizer, 2 mg/ml, 2.5ml monodose",0.788,
2267,new,"SODIUM chloride, 0.9%, 1l, flex. bag, PVC free",MATCHED,DINFSODC9FBF1,"SODIUM chloride, 0.9%, 1 l, flex. bag, PVC free",0.927,
2268,new,"SODIUM chloride, 0.9%, 500ml, semi-rigid bot., PVC free",MATCHED,DINFSODC9SRF5,"SODIUM chloride, 0.9%, 500 ml, semi-rigid bot., PVC free",0.933,
2269,new,"SODIUM chloride, 0.9%, 5ml, plastic amp.",MATCHED,DINJSODC9A5,"SODIUM chloride, 0.9%, 5 ml, plastic amp.",0.911,
2270,new,"SODIUM chloride, 0.9%, sterile, 5ml, unidose, amp.",MATCHED,DEXOSODC9D5,"SODIUM CHLORIDE 0.9%, eye  drops, sterile, 5ml",0.795,ambiguous: plastic-amp variant belongs to drugId 2269
2271,new,"SULFADIAZINE SILVER, 1%, cream, 50g, tube",MATCHED,DEXTSULZ1C5,"SULFADIAZINE SILVER, 1%, cream, sterile, 50 g, tube",0.844,
2272,new,"TDF 300mg / 3TC 300mg / DTG 50mg, tab., for PEP",MATCHED,DORATELD1T-,"TDF 300mg / 3TC 300mg / DTG 50mg, tab.",0.893,
2273,new,"THERAPEUTIC MILK, F100, powder, 400g",MATCHED,NFOSTHMIF1O40,"THERAPEUTIC MILK, F100, powder, 400g",1.0,
2274,new,"THERAPEUTIC MILK, F75, powder, 400g",MATCHED,NFOSTHMIF7O40,"THERAPEUTIC MILK, F75, powder, 400g",1.0,
2275,new,"THIAMINE (vitamin B1), 50mg/ml, 2ml, amp.",MATCHED,DINJTHIA1A-,"THIAMINE (vitamin B1), 50 mg/ml, 2 ml, amp.",0.864,
2276,new,"TINIDAZOLE, 500mg, tab.",MATCHED,DORATINI5T-,"TINIDAZOLE, 500 mg, tab.",0.84,
2277,new,"TRAMADOL hydrochloride, 100mg/ml/40 drops, 10ml, bot.",MATCHED,DORATRAM1S-,"TRAMADOL hydrochloride, 100mg/ml/40 drops, 10 ml, bot.",0.94,
2278,new,"TRAMADOL hydrochloride, 50mg, caps.",MATCHED,DORATRAM5C-,"TRAMADOL hydrochloride, 50 mg, caps.",0.869,
2279,new,"TRAMADOL hydrochloride, 50mg/ml, 2ml, amp.",MATCHED,DINJTRAM1A-,"TRAMADOL hydrochloride, 50 mg/ml, 2 ml, amp.",0.851,
2280,new,"VALPROATE SODIUM , 100mg/ml, 4ml amp.",MATCHED,DINJVALP4A-,"VALPROATE SODIUM , 100mg/ml, 4ml amp.",1.0,
2281,new,"VASELINE, ointment, 100g, tube/jar",MATCHED,SMSUVASE1O-,"VASELINE, ointment, 100 g, tube",0.823,
2282,new,"ZINC OXIDE, 10%, ointment, 100g, tube",MATCHED,DEXTYINO1O1,"ZINC OXIDE, 10%, ointment, 100 g, tube",0.9,
